actor_id,name
1,Robert Taylor
2,Darrell Greene
3,Sandra Martin
4,David Jordan Jr.
5,Kyle Williams
6,Michelle Valdez
7,William Jackson
8,Paul Pearson
9,Darius Daniels
10,Mrs. Melissa Rivera
11,Deborah Oconnell
12,Rachel Gay
13,Kristen Guerra
14,Cynthia Moran MD
15,Charles Joyce
16,Toni Jones
17,Ashley Cruz
18,Mr. Wyatt Carlson DDS
19,Amanda Dominguez
20,Dr. Megan Williams
21,Stephanie Stafford MD
22,Robin Jarvis
23,Edward Frederick
24,Vincent Marshall
25,Lisa Baldwin
26,Robert Gardner
27,Wendy Wiggins
28,Mary Flowers
29,Stephanie Greene
30,Melissa Smith
31,Alison Mcintosh
32,Daniel Rogers
33,Angel Hendricks
34,Tristan Trujillo
35,Sarah Woods
36,Kristen Jimenez
37,Jason Mitchell
38,Tyler Lewis
39,Michael Shah
40,Mary Jones
41,John Allen
42,Scott Jacobs
43,Donald Parks
44,Paul Reed
45,Christopher Mcfarland II
46,Kristin Booth
47,Eugene Walker
48,Walter Perez
49,Jeanette Green
50,Chad Edwards
51,Diane Murillo
52,Aaron Jackson
53,Christina Cannon
54,Mr. Mark Henry MD
55,Sarah Wheeler
56,Jason Joyce
57,Joshua Barrera
58,Kelly Porter
59,Debra Sanders
60,Lee Watkins
61,Abigail Reed
62,Tony Williams
63,Nathaniel Wilcox
64,James Huffman
65,Debra Allen
66,Victoria Collier DVM
67,Felicia Jones
68,Mrs. Deborah Reynolds
69,Nathan Jones
70,Vanessa Maxwell
71,Isaiah Garcia
72,Stacie Johnson
73,Mr. Daniel Salazar
74,Mary Allen
75,Connor Morrow
76,Rebecca Mcpherson
77,Thomas Liu
78,Mr. Ryan Carlson DVM
79,Lisa Anderson
80,Kristy Haynes
81,Brandon Yoder
82,Barbara Kim
83,Erin Fernandez
84,Eric Moody
85,Wendy Ramos
86,Andrew Bryant
87,Christian Coleman
88,Megan Hall
89,Lisa Vaughn
90,Kimberly Turner
91,Adam Vasquez
92,Janet Gonzales
93,Mr. Dale Frazier Jr.
94,Kristine Harmon
95,Holly Tucker
96,Mikayla Griffin
97,Eric Barrett
98,Lauren Lopez
99,Patricia Moore
100,Brian Jones
