user_id,movie_id,rating,review,rating_date
132,119,2,Cell away mission join.,2025-04-07
80,156,2,Anyone bar father understand effort.,2024-12-04
125,101,5,Until early result serve argue.,2025-01-20
12,127,1,Political shake lead mind would world.,2024-05-06
83,192,1,Alone lose wrong soon field action.,2024-11-12
78,265,1,Bad game weight start campaign from face.,2024-08-18
47,1,1,Away former behavior sister window line yourself.,2024-08-23
17,157,1,Article ask quite song.,2025-04-05
97,296,3,Many speech foreign culture give performance.,2024-07-06
100,137,3,Blue business war.,2025-04-16
1,185,1,Draw already hour.,2025-02-10
101,166,1,Participant sister approach even pass entire leg.,2025-02-10
59,42,1,Explain on as piece television among exist sport.,2024-05-05
190,241,4,Address national specific give dog.,2024-10-25
169,130,3,Goal point table push in.,2024-12-11
194,245,3,Know wonder less east establish.,2024-06-21
171,138,2,Seem why bag out consumer.,2024-07-29
158,172,3,Up there thank carry.,2024-10-12
37,15,3,Accept enough office sound resource office though.,2024-09-24
110,142,1,Follow will notice evening.,2024-10-26
124,217,2,Audience man who dog watch another imagine.,2024-07-01
139,47,4,Matter your put east.,2024-09-08
183,131,2,Effort area court live least.,2024-11-21
138,213,3,Beyond want cause result media last.,2024-08-04
141,115,2,Story wall company everybody wife house ever.,2024-08-12
90,204,2,Because stage note than.,2025-01-22
174,110,2,Build painting either site.,2024-11-25
62,44,5,Avoid government send night.,2025-03-06
103,99,2,About source reality drive great bring.,2024-10-03
138,109,1,Name business perform professor affect.,2025-02-23
196,259,4,Ground represent phone every manager give.,2024-08-06
192,186,4,House rise special myself coach despite occur.,2025-01-11
34,27,5,Effort think open collection cost score identify.,2024-12-15
111,20,4,Difference near image back itself sometimes.,2024-11-07
58,277,3,Sister same senior source pattern most.,2024-09-19
180,118,1,Reveal share material offer truth just.,2024-12-31
80,221,2,Job dream personal treat book.,2024-10-28
139,103,4,But student stop movie herself early let.,2024-10-07
63,171,4,Against window course policy.,2025-01-31
117,189,3,City weight tonight cultural.,2024-11-15
51,83,5,Pick gun himself your.,2024-11-11
193,33,3,Population we money law blue.,2024-05-25
171,189,1,Hair human record mouth oil country daughter else.,2024-09-16
166,109,1,Network large assume beyond toward.,2024-12-15
76,52,5,Institution field campaign now service its manage few.,2025-02-06
181,81,3,Box environment use maybe character order.,2024-09-15
47,254,2,Term again necessary song indicate.,2024-05-23
115,212,1,Official happen health control everything game amount.,2024-10-05
8,278,2,Keep office else know without dinner wall pretty.,2024-10-05
107,193,3,Hospital hot offer concern director kitchen.,2024-10-05
109,162,4,Admit feel attorney.,2024-10-18
70,14,3,Professor money career place onto thought machine.,2025-01-08
54,202,2,Buy likely attention oil provide leg what tax.,2024-10-26
16,197,1,Door along group inside.,2024-05-29
112,87,4,Hope provide firm cost.,2025-03-23
22,115,4,Paper something effort team trip Republican.,2024-11-23
181,265,2,Young light stop black teach room.,2024-11-18
114,31,2,Read mother already open.,2025-04-18
57,253,4,Daughter team investment recently.,2024-08-04
65,239,4,Challenge film summer seat.,2025-04-07
53,2,2,Ask listen moment too occur.,2024-05-27
46,137,3,Many environmental discuss miss upon weight.,2024-05-28
154,18,5,To along he building.,2025-02-08
161,159,2,Fund position defense practice opportunity.,2024-06-21
73,282,5,Brother near significant all that strategy consider.,2024-07-25
63,87,1,Nothing receive condition involve.,2024-08-14
56,108,1,Blood performance those clearly table within.,2024-06-23
175,247,3,Author daughter training door talk since charge.,2024-07-26
196,242,1,Land agree official suffer enjoy race four among.,2024-05-13
175,35,5,Provide organization ability admit pay since.,2024-07-01
178,23,3,General wind result customer front forget model loss.,2025-04-17
44,192,1,Order financial worry forget story both head.,2024-04-25
141,53,2,Trade single rise customer heart him watch.,2024-12-21
81,121,1,Just mouth it collection media yeah challenge.,2024-12-01
125,173,4,Reality debate former shoulder bag.,2024-10-29
195,30,3,Why scene animal cover develop station cultural.,2024-11-24
114,186,2,From require account choose.,2024-10-08
5,204,2,Move station forget find mind.,2024-12-01
9,229,4,Describe team phone human free president.,2024-06-02
28,258,5,Tv leave worker yard fill nearly guy but.,2024-10-24
109,228,1,Offer media worker full Mr.,2024-05-09
91,129,2,Maybe every during position.,2025-02-03
181,227,3,Like suddenly drive local let write part face.,2024-08-11
46,10,4,For strong meet leader structure reason.,2025-01-06
177,180,2,Surface much grow thus close.,2024-08-02
136,300,4,Ball charge left author environmental.,2025-01-21
53,52,3,Else mouth ability.,2024-05-16
42,10,1,Certain spend agree until.,2025-02-24
101,3,2,Pick PM present idea simply himself eight.,2024-11-24
198,38,1,Seek challenge season air letter simply field.,2025-03-21
158,11,3,Some brother newspaper traditional value move else.,2024-06-29
140,120,1,Note than indicate.,2025-01-28
39,172,3,Key seek learn hour peace.,2024-11-01
71,202,1,Nation class student itself.,2024-11-27
198,293,3,Mother state father news mind whatever herself.,2024-05-11
135,283,3,Father beautiful morning usually Congress finish sell.,2024-11-27
117,93,5,Fear performance work pull box meeting.,2024-12-25
199,247,2,Too your simple subject maintain show nature.,2024-08-26
162,12,3,Against dinner which free.,2025-01-30
30,118,4,Find door leader sea as treatment.,2024-05-31
198,230,5,Write fire two environmental.,2024-06-07
11,115,2,Of garden until lose her cold program air.,2024-10-06
69,297,4,Meet not field store improve.,2025-02-22
120,272,3,Meet science spring know.,2024-07-05
14,281,5,Voice dream us show.,2024-09-20
13,113,2,Sing your organization kind impact hot.,2024-10-25
156,32,3,Choice answer pick throughout government.,2025-02-23
172,184,5,Act piece wrong leave watch.,2024-05-25
62,294,3,Federal no rate brother agreement true while.,2025-03-11
189,107,1,Training quality south both rule.,2024-06-04
195,111,1,Kind arrive sound perhaps yourself its place.,2025-01-14
67,109,4,Four unit large amount themselves hand.,2024-05-21
136,286,3,A much early Republican company already weight.,2024-10-30
162,75,2,As medical allow big Republican Republican.,2025-04-06
108,249,3,Bed blue star.,2025-02-05
67,189,4,Window would worker four throughout news.,2024-08-22
90,70,5,Religious group itself day trial.,2024-11-02
1,125,5,Gas live focus choice attack it represent customer.,2024-09-29
161,4,1,Spring true wish employee.,2024-11-24
35,198,4,Book would ask later threat line.,2024-05-22
98,34,5,Partner her involve see tax kid test.,2024-11-08
28,191,2,Seven keep do pretty whose fact.,2025-04-08
164,274,2,Grow important hit person.,2024-08-04
108,74,3,Data end public lead purpose certainly sign.,2025-03-26
111,52,4,Sing interesting space new.,2025-04-14
133,86,3,Apply them large especially avoid market admit.,2025-02-13
17,179,5,Ten tend though great.,2024-10-05
36,185,3,Purpose report quickly why.,2025-01-10
141,46,3,Enter including live.,2024-12-27
10,261,3,Against staff example miss quite none game eye.,2024-05-03
162,91,3,Visit sense free I involve drop.,2024-12-02
25,160,5,Moment safe not thought hold skill.,2024-11-19
187,79,1,While professional past matter husband ten.,2024-11-14
175,22,1,Senior not bank four kind picture finish.,2024-12-04
14,143,4,And often beat for.,2024-05-06
76,288,1,We charge available choice.,2025-02-03
121,165,3,Defense rate different.,2024-12-18
19,226,2,Answer tell region baby cut.,2025-03-09
144,46,1,Population sort especially thing answer traditional themselves investment.,2025-01-10
53,147,5,Manager arrive mother nature general.,2025-02-22
194,129,5,Understand main wait home mission mission.,2024-09-28
6,259,5,Hard consider technology bad.,2024-12-07
62,42,1,Fire view radio rate total national several cell.,2025-01-04
108,43,1,Name population rather should could.,2025-02-24
129,21,3,Degree visit score together door arrive.,2024-12-28
43,227,1,Activity dinner free military these.,2025-01-23
113,8,4,Thousand itself risk trouble art.,2024-10-19
42,297,5,Memory per half cup appear send Democrat she.,2024-08-05
84,207,4,Indeed argue beautiful take statement sound.,2024-07-02
180,186,1,Stay speak could increase space own range.,2024-08-12
44,32,4,Technology just approach yet.,2024-06-20
141,259,4,Production smile mission simply tell within claim.,2024-10-05
57,77,4,By ten admit south either sport likely.,2024-07-03
76,247,3,If operation spring education likely.,2024-09-25
5,180,3,If anyone happy south performance.,2024-10-02
142,114,2,Level current price month free.,2024-11-14
51,268,5,Beat including rather wind create receive.,2025-03-28
92,191,4,Song interview worker air red board.,2024-10-18
5,84,1,From cost bill ok determine force blood.,2024-07-09
102,298,3,Cause among point page either east.,2024-10-15
126,45,1,Guy attorney work rather.,2025-03-27
168,160,1,Energy position letter inside take table.,2025-01-14
25,249,3,School list strategy.,2024-09-14
116,100,4,Hard out very without around late off.,2024-10-09
133,276,4,Traditional keep store week buy hard evening.,2024-12-21
141,51,2,Find improve citizen think.,2025-02-22
167,64,2,Which business upon determine learn know.,2025-02-26
28,16,1,Bed defense music keep.,2024-12-04
28,48,3,Start hard name recent increase cold social.,2025-03-01
153,59,5,There lot choose tree often music change price.,2024-08-24
185,26,4,Give radio policy home gas owner commercial.,2025-02-26
105,237,4,Information fast full thousand.,2024-11-23
152,165,3,Place sometimes charge every would letter.,2024-11-28
132,235,2,Perhaps usually cause each.,2024-05-28
111,299,4,Relationship check argue thousand choice more.,2024-08-20
156,31,2,Well safe economy business.,2024-12-18
59,261,4,But choose skin science other.,2025-04-10
91,27,2,Wide able study usually first others.,2024-08-14
186,292,2,Even large serve fight century.,2025-01-22
93,286,1,North turn every.,2025-03-12
136,223,2,Through old serve support.,2024-09-15
37,232,3,Finally easy describe friend.,2024-11-13
197,214,4,Rule meeting or ball.,2024-11-23
133,225,1,Specific quite growth myself too red rule.,2024-05-01
13,133,3,Share music take on way.,2025-04-04
37,180,1,Society movie growth main.,2025-04-09
24,25,4,Success measure senior behind voice.,2024-09-17
143,217,1,Where American herself example anything often trial mother.,2025-01-20
51,13,2,Ago also speak stand office.,2024-06-06
136,284,1,Value special four half.,2024-10-22
128,128,1,Especially wait four change guess.,2024-05-09
2,207,3,Day wall yet day.,2024-12-24
145,22,3,Behavior clear dog under.,2024-09-10
142,136,1,Hard claim peace final.,2024-05-16
174,207,5,Candidate possible style religious help.,2024-12-05
125,98,1,Billion because food morning process operation military moment.,2024-07-27
76,297,3,Beyond executive miss four.,2024-11-19
193,11,2,Close peace end standard.,2025-02-22
170,105,2,The meet party mean really matter.,2024-06-20
21,175,5,Call step produce also try.,2024-05-11
78,234,3,Today recent go support blood degree authority.,2024-12-04
120,281,4,Field evening area must candidate point poor.,2024-08-01
73,204,2,Day brother quickly choice put.,2024-12-27
173,56,5,More hair law certainly hold us.,2024-11-14
112,213,4,Indeed real ahead any find yourself service benefit.,2024-07-07
27,88,4,Measure shake much two realize argue forward.,2025-03-18
131,98,3,Hard require support career suggest industry experience.,2024-10-27
18,55,2,Young shoulder respond let could exist air.,2024-06-03
96,112,1,Debate wrong Republican something child reveal future.,2024-07-17
144,300,2,Hold exist treat less.,2024-07-21
195,48,4,Year sound both significant leg right.,2025-04-02
190,216,2,Expect approach rock trial.,2024-07-23
161,275,2,Young require on.,2024-12-21
111,253,3,Population its court do up degree.,2024-06-09
23,29,4,Throughout this TV upon same.,2025-03-11
125,238,1,West know southern rock senior.,2025-01-16
182,215,1,Chair its memory bar floor road.,2024-05-21
49,125,4,Level study occur rest tonight change.,2024-10-17
39,210,1,Actually sound goal parent suddenly where itself chance.,2025-02-07
169,297,2,Contain daughter president speak the seek.,2024-11-10
72,260,2,Meet physical question social.,2024-07-11
87,176,2,Physical if front up poor.,2025-04-09
36,227,3,New long meet.,2024-07-02
126,135,3,Dinner boy result plan smile.,2024-08-21
9,89,1,Stay them church minute specific.,2024-09-25
69,272,1,Shoulder former end test seek and investment.,2025-03-10
163,89,2,Line relationship alone into loss still.,2024-05-14
112,166,3,Activity after bank amount use.,2024-06-19
130,18,5,Analysis usually their.,2024-12-27
40,197,3,Ten focus through value scene if.,2024-11-24
71,35,1,Determine card difference course relationship radio sense.,2024-08-14
17,181,2,Parent such with stock few.,2024-08-07
195,77,5,Bar play medical later room soldier.,2024-09-29
14,206,2,Member home everything both between.,2025-03-19
27,43,2,At stage clearly thought.,2025-02-19
197,275,4,Shake put threat imagine new.,2025-04-03
87,210,4,Late debate future shake.,2024-10-12
35,299,2,Vote across listen plan fact.,2024-09-19
197,261,2,From first team quickly single than.,2024-11-22
25,163,4,Suffer cold personal laugh they.,2024-07-02
27,120,1,Us past occur even standard character if compare.,2025-01-28
54,39,4,Even night pretty bring management fine stay.,2024-08-26
126,262,4,Staff or challenge drug executive.,2024-12-23
184,278,5,Pick admit dinner science difference.,2025-01-28
110,143,4,Home huge protect us short agency.,2025-04-22
138,170,3,Together they politics leader.,2024-09-30
72,35,5,Government rate west figure increase case cut describe.,2024-05-09
170,194,3,Establish traditional chair.,2024-05-14
57,71,4,Pm century art nor most strategy.,2024-06-08
27,13,5,Pick although sort policy agree my.,2024-11-11
81,263,4,Activity follow democratic seven although.,2024-09-25
45,223,3,Show rate watch too us nothing.,2024-06-09
78,133,5,Several see expect eight call sign.,2024-08-29
174,82,3,Owner positive may some.,2025-02-10
96,21,1,Stage wear defense total.,2024-06-14
70,160,3,Draw financial age no medical less college collection.,2025-03-01
75,202,4,Music sometimes statement machine.,2024-07-25
50,70,2,Project weight our hour push market.,2024-11-30
75,4,4,From let size parent four seem.,2025-04-18
76,53,5,Certainly beautiful throughout speech voice process hold.,2025-02-27
178,187,4,For whose Democrat herself.,2024-07-16
140,91,5,Force to range truth seat number majority building.,2025-04-13
155,148,1,Perhaps all task stop.,2024-05-01
177,266,5,Deal government him race probably turn.,2024-12-02
106,7,1,Bring field collection style school quality science.,2024-08-10
9,257,4,Class attack foreign hear could major.,2025-01-29
69,57,5,Some perhaps space serious order material alone.,2024-07-30
32,151,1,Movie American much police kid.,2024-11-21
45,96,2,Attack which hard see soldier.,2025-02-07
155,201,5,Effect lot radio soon.,2025-03-21
121,288,4,Air until west throw.,2024-10-21
83,35,4,Can only off.,2025-03-31
174,56,1,Single seek rise local role room.,2024-08-31
63,10,4,Possible event white hope morning.,2025-03-20
153,144,5,Media south system scene figure never organization test.,2024-07-15
46,149,2,Two method expert Republican.,2024-05-10
66,288,5,Buy beat at mention culture campaign take outside.,2025-02-10
136,8,3,Development American attack almost degree development free magazine.,2024-11-08
6,44,4,Benefit behavior need face only stage professional.,2024-12-08
200,51,1,Field commercial bit goal new significant.,2025-02-18
81,66,5,Just eight on statement good.,2025-03-28
151,67,1,Ground least institution forward study.,2024-07-30
112,134,1,Likely control collection court.,2024-05-11
151,125,2,Full writer research while team allow it situation.,2024-06-15
115,108,4,Appear source partner model.,2024-10-01
172,44,3,His machine well character race challenge degree.,2024-06-12
130,30,5,Key manage finish policy show less either.,2024-05-14
65,234,2,Radio many hear yourself.,2025-02-19
100,183,4,Situation quite most city pretty.,2025-03-24
192,174,1,Low government modern remain red product either.,2024-10-14
128,203,5,Back matter pull safe.,2024-04-28
103,164,5,Inside commercial system technology usually ready.,2024-11-05
97,39,1,Rich next wear off message.,2025-02-10
9,55,5,Management prove benefit size say station.,2024-05-29
111,184,3,I plan theory protect establish sing.,2024-11-12
108,175,3,Heavy both improve simple.,2024-08-19
99,57,5,Security dog hold travel media nice as member.,2024-07-07
61,220,3,If base executive act available trouble mouth.,2025-02-03
63,142,5,Respond office sure modern live.,2024-06-27
13,197,5,Model middle end she color use.,2024-09-04
119,6,3,Method behind picture section dark.,2024-10-11
173,127,1,Night three white risk before they.,2024-10-16
90,229,4,Month unit fall director.,2024-07-03
10,96,5,Bank someone agency happen go plant respond.,2024-11-20
75,297,2,Worry television model.,2024-06-17
58,258,4,Thought argue know policy.,2024-05-02
14,48,5,Whole expert few program value.,2024-08-08
76,183,5,Garden night prove.,2024-12-01
130,126,4,Improve mouth kid loss.,2025-04-19
20,107,1,Service high animal sport mission offer popular.,2025-03-18
10,229,3,Drop various sport Congress pattern support.,2024-07-25
181,232,2,Specific participant watch southern include catch recently.,2024-12-16
63,41,4,Data computer high myself.,2024-12-29
147,196,3,Eight society oil.,2024-08-30
156,60,2,Low go letter leave owner rule building.,2024-06-05
181,225,3,Stop character manage store during.,2024-08-23
112,10,1,Stand mind with enjoy I worry picture off.,2025-01-31
119,9,1,Wall side something development particular.,2024-12-05
1,18,1,Tonight commercial not through travel officer.,2024-07-07
121,182,3,Somebody safe attention such.,2025-02-13
60,149,2,Country major close.,2024-10-15
138,242,3,Contain late long our.,2024-07-01
23,224,2,Officer home oil may easy second.,2025-03-23
187,13,2,Debate similar design.,2024-07-24
21,127,2,Pressure reach bill describe ago book heavy.,2024-08-08
125,107,3,Quite research material evidence start race.,2025-03-12
195,212,4,Author lead charge leave.,2024-12-19
158,104,1,Half policy population Mr.,2024-09-15
48,208,5,Director service activity woman risk.,2025-03-14
34,237,1,Continue citizen but.,2024-12-09
200,164,3,North radio size explain argue.,2024-11-29
175,282,5,Near interest keep firm.,2024-07-16
130,141,1,Concern camera could effort sing.,2024-05-21
3,126,4,Chair best land law social writer middle.,2025-03-05
179,256,2,Position less benefit place central skin.,2024-08-05
27,212,1,Time effect place front sure those design.,2024-08-04
99,217,2,Suffer might PM Mrs behind notice.,2025-01-13
142,259,4,Next state base.,2024-05-08
59,105,4,Fish nice similar executive activity.,2024-11-06
68,159,1,Ever within low.,2024-11-02
161,288,4,Conference others among.,2025-01-29
132,130,1,Space of you rule surface.,2024-06-11
140,134,4,Television eat describe as enough sign practice.,2024-11-13
137,88,3,Hold visit run pattern.,2024-10-14
200,114,4,Concern itself two last boy cold study.,2024-05-16
100,138,1,Rock grow nor decision data discussion.,2025-01-29
77,275,3,Significant color they shoulder price six prepare opportunity.,2024-12-04
37,162,4,Indicate sort live allow avoid series cultural.,2024-09-30
19,156,2,Also also official take example.,2025-04-08
173,234,2,Themselves PM only glass instead fill number.,2024-11-10
173,167,3,Recent out community agree dream.,2025-03-15
187,139,4,Green recognize yard million become.,2024-08-08
37,43,4,Head run decision production.,2024-07-01
83,191,4,Miss alone firm eye attention family.,2024-11-06
122,143,2,Future add stock list red.,2024-12-31
200,260,3,Whether too scientist job garden phone.,2025-01-06
75,237,2,Group talk here exactly choice require.,2025-02-11
29,42,2,Factor operation fund.,2025-02-17
96,2,2,Executive sure without hundred top.,2024-12-05
72,69,2,Raise cut audience story professional three.,2025-02-08
95,43,5,Test seat sea part often trip upon.,2024-11-11
128,136,1,Shoulder list nature environment trade life identify.,2024-10-24
121,138,5,Camera able eat administration old describe boy head.,2024-07-31
111,33,4,Available expert ago.,2024-12-27
24,210,4,Do report dark lose fact against cause blood.,2024-05-08
30,141,2,Both above according thing born.,2024-07-14
56,271,3,War long off back nearly model group successful.,2025-04-01
196,251,1,Modern form lawyer movement every family.,2024-09-16
59,4,2,Star sport official quality summer.,2024-08-20
90,211,3,Pm lead many world ball industry.,2025-03-16
53,74,5,Add fast should economy admit goal unit.,2025-03-30
135,45,1,Ten certain Republican among work brother task.,2025-04-22
153,128,3,Various truth may it.,2025-03-21
85,100,3,Strong nearly when per.,2025-02-22
190,192,2,Four not house summer baby central discussion.,2024-09-05
4,93,3,Much nice that concern range.,2024-05-11
58,129,1,Ten picture each discussion whole wrong how.,2025-04-13
141,101,4,Suddenly play give senior.,2024-10-11
94,46,2,Little without none section marriage share.,2024-09-09
44,8,5,Performance again the team traditional.,2024-07-01
4,184,1,Perhaps memory party piece section party account.,2025-03-19
175,157,5,Image pick approach attorney general market.,2025-01-15
37,296,2,Admit job model call.,2024-11-02
24,198,2,You radio follow watch.,2024-09-08
95,287,1,Big line none less wind hot.,2024-08-30
149,249,3,Many office by world.,2024-09-22
199,201,5,Author old dream above law safe politics.,2024-08-23
63,96,1,Design someone popular whatever.,2024-12-11
88,269,5,East item later war.,2024-04-29
45,86,4,Test song camera final marriage decide brother.,2024-12-30
21,25,1,Early good news give matter soldier.,2025-03-04
170,216,3,Far step see kid loss.,2024-07-27
115,76,3,Pay husband successful factor here.,2025-02-22
38,96,1,Event that action even method.,2025-04-14
61,9,2,Administration rest particular much wife green summer notice.,2024-05-16
189,198,4,Expect dinner each difficult mother.,2025-02-02
188,120,4,Knowledge real example visit career couple.,2024-06-15
150,207,5,Wait girl region resource single inside.,2024-12-22
108,238,4,Film method reflect building wrong indeed three.,2024-12-01
29,78,4,Vote staff policy remain fine month.,2025-01-09
3,21,3,Whom late together spring my later.,2024-08-10
126,198,4,Worry shake major bill bank drive.,2024-11-19
91,86,3,Impact coach treat rest town be year.,2024-10-11
69,167,3,Out poor else song serve start.,2024-11-01
192,211,5,Than prevent upon science risk.,2024-12-18
186,209,2,Result cell church general per south.,2024-12-02
183,105,4,Interest artist particular history.,2024-07-12
96,160,1,Appear series partner off better guy.,2024-10-24
168,162,2,Now site too really.,2024-10-03
31,83,2,Those section daughter interest.,2024-07-07
172,66,2,Again sport throughout hour perhaps baby response.,2024-09-09
107,205,2,Work development network voice career wife.,2024-07-01
37,1,4,Consider later prove vote technology red provide.,2024-07-21
91,119,2,Entire allow understand.,2024-07-27
108,6,1,Professional again black two half.,2025-03-20
131,23,1,Exist environment participant garden investment enough.,2024-10-27
159,262,5,If mother rather this modern.,2024-05-03
29,44,5,You ground yard visit ahead.,2024-12-23
159,170,2,Character upon during final major design.,2025-02-07
18,222,3,Within chance example artist factor other.,2025-03-06
95,30,4,Check certain later everybody recent model.,2024-05-09
26,261,3,Among must treat media wonder.,2024-05-20
71,241,3,Pass risk trade model visit future popular.,2024-06-21
70,124,4,Strategy game student authority hard part.,2025-01-20
197,167,5,Event green people example rich.,2025-03-01
65,13,3,Including good stay summer boy voice.,2025-02-24
157,226,4,Sit thus stand join process beyond area.,2025-04-07
138,19,4,Campaign save south nor suggest.,2025-04-06
80,86,5,Voice body artist stage.,2024-07-14
96,88,2,Type door two four throughout lay citizen.,2025-01-01
170,197,5,Past office collection issue above.,2025-02-28
186,15,1,Traditional west people cover tree word card.,2024-07-21
2,294,2,Painting system according ok need force.,2025-02-18
55,16,5,Until detail system address.,2024-12-11
22,137,2,Same child owner.,2024-04-29
15,106,1,Such maybe single the.,2025-01-11
25,71,5,Bring chance hit trade knowledge why.,2025-01-10
99,61,4,Street window skill.,2025-01-17
185,243,1,Small form crime team open brother.,2024-10-19
73,166,1,According current decision tough shake election.,2024-12-06
17,248,5,Poor feeling pick become.,2024-10-28
170,145,3,Under red nature quite ahead accept.,2024-07-24
8,238,2,Reveal indeed single power.,2025-02-05
55,210,5,Stage perhaps check up any team.,2025-01-16
173,142,4,Grow level check on these out instead send.,2024-05-23
118,202,4,Reveal rise manager already.,2024-07-06
72,88,4,Whether choose network at like pay successful.,2024-10-25
115,70,4,Approach concern up perform without.,2024-08-22
83,213,3,Will ahead finally not.,2024-06-28
99,275,1,Eight chair condition tree across.,2025-02-18
156,199,2,Service still one already.,2024-05-24
35,202,4,Long light kid bed TV front.,2024-05-03
146,111,3,Hold management may.,2025-01-09
171,40,5,Admit successful remember feeling professional upon letter.,2024-06-26
29,175,1,Finally yard part people catch air that.,2024-07-25
197,254,4,Agree experience surface bad six.,2024-09-26
34,151,4,Though water level floor instead oil hit on.,2024-10-15
30,61,4,Make quickly military majority citizen.,2025-01-27
183,22,5,Window drug attorney professional red use.,2024-06-29
128,294,3,Treatment traditional all news card security idea.,2024-04-25
48,8,1,Glass contain which campaign since.,2025-04-03
5,184,2,Truth during amount exactly kitchen.,2024-11-01
200,10,4,Kind yourself career goal.,2024-12-01
61,178,5,Eye every drive state enjoy.,2024-09-23
86,57,4,Although become nearly where.,2025-01-17
17,44,4,Against music choice series top international himself.,2024-12-08
47,292,3,Always mind then positive deep.,2024-11-29
41,192,4,Environment unit score soldier able.,2024-10-18
125,278,2,Control realize much step goal why.,2024-08-17
156,274,4,Floor same should foot return production.,2024-09-03
132,264,2,Serious trip structure maintain key career.,2024-05-16
156,268,5,Beyond real act.,2024-08-11
126,80,2,Middle it during car production civil.,2025-01-31
102,233,3,Door can talk chair these.,2024-07-25
136,46,3,Here training page provide.,2025-03-24
66,278,3,Election out lawyer great second.,2024-05-16
173,11,2,Base participant herself data.,2024-11-17
126,17,4,Front mean source push participant.,2024-07-25
24,274,5,Give free growth land.,2024-10-10
195,9,5,Mr hundred himself though care when including.,2024-07-03
56,282,3,Expect themselves American knowledge poor as.,2024-11-14
34,113,2,Skill return rich improve enter.,2024-08-15
191,39,1,Wind animal article she political home.,2024-09-15
178,280,1,Body decide player follow month.,2024-04-28
107,141,3,Cause hope value ten north modern prevent.,2024-12-27
167,95,3,Among left social brother to father.,2024-10-02
154,97,3,Somebody agent manager heavy model will marriage.,2025-03-01
6,256,1,Move girl fear whether.,2024-10-17
63,252,5,Most student seek sometimes.,2024-07-18
115,246,2,Class anything develop film house even eye.,2025-03-04
85,203,1,Decade night head almost fire.,2025-03-02
66,166,5,Black bed election collection.,2025-01-28
17,13,3,Life area may owner which week long.,2025-01-27
86,111,1,Discover property television leg.,2024-04-28
48,83,5,Stock deep new degree.,2024-12-05
156,164,1,Into worry part because huge attention meet.,2024-09-01
156,18,4,Everything that reality doctor argue production.,2025-02-19
158,282,4,Add nation role.,2024-12-06
186,261,1,Example for on huge.,2025-03-07
169,176,3,Different president industry.,2025-02-20
172,262,5,Point science training son.,2024-05-06
181,233,1,Not significant pass become throw begin.,2024-06-24
56,93,2,Minute relationship country popular generation future bad toward.,2024-11-26
79,265,4,Wonder maintain son news assume else bag.,2025-01-06
131,226,2,Source recent edge threat pattern far.,2025-04-11
86,83,5,Level us bill green arrive order.,2024-06-26
110,225,3,More mouth series say past fire mind lose.,2024-07-01
69,209,2,Yard prove race.,2024-05-30
81,283,3,Past wrong magazine total however group say.,2025-04-18
101,255,1,Other do oil.,2025-01-27
13,193,2,Answer send moment describe within.,2024-09-12
131,276,2,Tend six listen light.,2024-10-17
151,127,3,While somebody camera cut building account.,2024-10-29
142,16,1,Former six soldier image dark.,2024-05-07
29,55,5,Size season loss car.,2025-03-12
83,258,1,Social key real expect.,2024-11-02
141,174,5,Stuff serious building difficult.,2024-08-09
10,78,4,Bad capital record decide meeting almost wait.,2024-06-11
58,295,4,Town past center tough charge trouble.,2025-04-22
82,99,1,Exist mouth plan either opportunity.,2024-11-27
176,198,2,Effect yet door development.,2024-10-13
72,117,1,Point company reason.,2024-08-24
101,47,2,Room any expect itself girl development.,2024-07-28
13,124,3,To middle represent drop.,2025-02-27
102,59,3,Large change everybody thousand issue summer.,2024-11-04
26,103,1,Control lead eat build tough significant spring reduce.,2024-08-04
98,115,2,Visit or structure health affect crime notice.,2024-11-17
75,11,1,Prove north PM.,2024-08-22
27,194,5,Condition pattern former building.,2025-01-02
66,167,3,Draw they east act economy.,2024-08-17
40,87,3,Another if write order son.,2024-05-08
172,192,5,Forward week coach field discuss follow adult many.,2024-08-31
138,267,2,Bar none conference dinner method television street.,2024-05-21
75,273,4,Fact follow stand force.,2024-06-24
113,97,1,Visit everyone environmental phone.,2024-08-26
94,129,5,Early brother allow what reach herself through.,2025-03-05
197,239,2,Season reach health loss.,2024-11-06
152,215,5,Huge recently century table serve.,2025-04-06
159,185,3,Finally less though either very moment public hand.,2025-03-02
178,266,5,Both summer country of.,2024-10-03
133,214,3,Human affect gun court all president something despite.,2024-07-02
86,263,3,Really matter send language back room choice.,2025-03-02
169,271,5,Hair program fact.,2025-04-14
136,14,4,Give dog according traditional also month.,2024-12-22
37,173,2,System cause last.,2024-10-30
143,215,1,Safe Congress majority future peace.,2024-08-03
38,13,5,Realize anything of trade seat.,2024-11-14
34,261,1,Discover half across realize teach rather protect.,2024-09-11
86,81,4,Chair quite movie performance become generation.,2025-04-10
132,253,4,Suddenly recently avoid he agent well medical.,2024-09-02
57,55,1,Campaign time against key.,2024-12-07
169,161,5,Then start within write.,2024-10-26
190,76,5,Leader such physical product power piece.,2024-10-30
173,98,1,Land long recent.,2024-10-21
86,6,4,Teacher throw player owner practice explain around.,2024-09-28
13,101,3,Republican carry learn more charge important.,2025-02-11
122,122,1,Tonight treat brother PM range name language.,2025-01-22
122,270,2,Strategy eat voice day fight cost time.,2025-02-24
19,208,5,Method statement four shoulder bit store bag serve.,2025-01-20
74,109,2,Stop old table bag process his.,2024-05-05
136,84,4,Hospital article low smile.,2024-10-25
29,261,4,Recent by hand develop against education.,2024-11-12
150,93,5,Five explain fly season citizen.,2024-11-18
196,65,4,Health once by try.,2024-04-29
58,123,4,Catch someone authority.,2024-05-27
163,216,1,Base my single news.,2025-02-01
41,153,2,True including project hot ok.,2025-03-20
49,198,4,People either start month season.,2024-07-03
94,64,4,Away task billion company control money yard.,2024-09-26
122,156,3,Society above live system speech approach.,2024-05-01
118,137,1,Knowledge phone analysis movement cost staff.,2024-09-23
63,150,4,Fall between building I.,2025-02-18
135,227,5,Tonight as total against lay community food.,2025-02-17
21,82,4,Involve hospital food image computer.,2025-02-08
26,43,4,Evidence listen arrive education beyond social.,2025-02-28
44,35,3,Social we media stop vote season.,2024-10-25
80,300,2,Success everything or and.,2024-05-29
131,153,2,Population point machine cut threat smile.,2024-11-08
171,196,2,Between agent third end card certain.,2025-01-12
98,217,5,Term rule detail fire.,2025-01-10
132,48,5,Clearly question which or.,2024-09-01
124,300,2,Open star risk happen also focus.,2024-06-11
89,215,4,During dream movement imagine but heavy protect writer.,2024-10-16
52,3,5,Ball rich should national small.,2024-12-03
147,40,1,Recognize according she through boy action off.,2024-12-06
2,268,3,Try offer protect often dinner base.,2024-12-29
126,169,5,Hospital trip training section behavior least.,2025-04-04
53,34,3,Society him trouble assume.,2024-10-02
142,139,3,Strategy prepare save father task poor.,2024-08-16
178,276,2,City suggest west strategy itself.,2024-05-04
66,176,2,Election blood impact try charge.,2024-11-29
124,208,5,Nor note recently quality yard.,2024-12-10
11,240,4,Price true final seem individual structure cut.,2024-09-11
36,9,3,Economic program whatever.,2024-12-08
74,58,3,Natural within later but watch everything important.,2024-06-17
148,95,5,Good message wish left data.,2024-07-02
93,184,1,Available issue always.,2024-10-13
27,135,1,System long outside wait.,2024-10-30
127,138,4,Authority result allow support energy participant pattern.,2024-08-06
88,237,2,Career nature almost information.,2024-12-24
126,270,3,Material method road project type field.,2025-01-29
102,41,1,Head wall despite whatever put tough.,2024-07-27
180,172,2,While west act debate college animal.,2025-02-12
129,204,2,Avoid finish institution wait major bar raise guess.,2024-08-01
179,286,2,Guess wide recognize inside.,2025-03-04
192,113,5,Team really policy most catch ability senior.,2024-08-16
153,108,5,Difference report strategy week guess professional.,2024-11-09
7,297,4,Speech loss or left road.,2025-04-10
144,27,3,Place boy hour where special.,2024-06-18
191,134,3,Although drive once there black rock position.,2024-07-03
29,93,1,Middle very race writer.,2024-08-13
169,74,2,Religious yourself perhaps.,2024-08-20
146,268,1,Blood region factor woman worker difficult.,2024-05-21
135,155,2,All write follow free section.,2024-06-28
151,105,2,Institution return help black image institution.,2024-09-04
163,209,2,Total behind stock.,2025-03-19
189,46,4,Tonight more several ready study.,2024-10-09
38,281,2,Hour reality new from class.,2024-07-21
54,16,3,Tax red decision course though these.,2025-01-09
125,105,1,Very charge it can lose.,2024-09-09
148,291,5,Tell their compare.,2025-03-10
48,143,2,Growth election year would population still while of.,2024-04-27
90,195,3,Me serve already share test fall our.,2024-08-25
107,175,4,Doctor radio theory popular buy.,2025-01-01
32,107,5,Bad change personal right option.,2025-04-19
29,64,4,Sometimes people man.,2024-06-17
23,202,4,Anything event better section attorney pick watch point.,2025-01-06
5,236,5,Now nearly value thank.,2024-12-17
32,87,2,Read walk size high.,2024-11-08
67,45,5,Respond so pressure join mention.,2025-02-15
97,47,5,Teach customer position future.,2024-12-31
129,187,5,Nearly court early yourself someone.,2024-05-24
90,108,1,From performance certain place high wish season.,2025-02-11
191,187,5,Real explain far issue close pattern.,2025-02-08
187,258,2,Still bring around be stand.,2024-12-08
126,223,3,Give international include none.,2025-01-10
173,212,1,Young card cause bar owner prepare let community.,2024-09-17
9,77,5,Technology activity box factor.,2025-03-22
176,108,4,Statement affect everyone matter do mention.,2024-06-03
188,91,4,Team we light big apply daughter police.,2024-05-16
60,36,4,Positive world safe religious end who measure.,2024-10-09
30,297,1,Lead paper deal just.,2024-08-24
196,238,4,Chance safe serve one.,2025-02-13
141,75,2,From avoid his.,2024-04-24
52,107,5,Dinner adult so owner throughout.,2025-03-03
195,126,2,And respond sign through board store old read.,2024-06-12
70,101,3,Class herself political.,2024-05-31
185,4,1,Choose value blue quite.,2024-08-10
54,84,5,Who live science of miss as break.,2024-11-06
2,274,3,Style laugh control.,2024-08-19
109,258,5,Town defense upon mean certainly long culture.,2024-08-25
134,163,5,Allow individual room spend despite cut what place.,2025-02-12
69,163,4,Enjoy better mean without sit.,2024-11-07
14,214,5,Down involve book item fast week job.,2024-12-13
84,61,5,Budget six court difficult notice.,2024-07-02
125,269,5,Job help great never whole between box.,2024-10-24
38,27,4,Activity individual fight.,2025-02-12
174,138,3,Your assume study interest.,2024-07-15
85,256,3,Picture church fast think.,2025-04-02
3,54,3,Recognize lead another television difficult detail thank scene.,2024-11-08
40,99,5,Production happen approach risk.,2025-01-02
136,251,1,Value explain financial family appear wish require control.,2024-12-02
59,288,1,Point experience maybe will.,2024-08-07
62,269,5,Simply provide recently positive page through ability.,2024-11-19
181,226,1,Western performance those kind yard set.,2024-10-27
86,80,3,Interview bag well bit action.,2024-06-26
159,20,2,Station girl writer country.,2024-10-08
108,143,1,Six statement me know land.,2025-03-24
140,174,1,Exactly stop game bag usually painting floor.,2024-09-07
69,194,4,Guy one ground newspaper our effect.,2024-04-27
57,120,4,Detail produce national how.,2024-08-21
109,49,3,Believe child prepare.,2025-03-24
23,181,3,Mrs hit because issue.,2024-05-02
17,254,4,Though born suffer each notice seven decision.,2024-05-28
13,235,2,Even role discuss.,2024-05-20
150,289,1,Part assume name subject sense above score.,2024-09-08
99,276,4,Tell foreign know sing.,2024-11-03
160,23,2,Early leave view good performance.,2024-10-19
114,292,1,Above bank grow need.,2025-01-04
9,233,2,Fly leader choose news central range wrong.,2025-02-25
18,164,1,Whatever product wish available resource art the.,2024-11-24
3,49,3,Mrs recent speak happen international store.,2024-09-15
27,48,4,Onto consider true exist anything result speech TV.,2025-02-10
197,268,2,About including civil life practice head seem improve.,2024-06-03
52,207,1,Paper free use sign what and nothing.,2024-11-27
149,295,3,Us soon tonight a.,2024-12-06
19,145,5,Help responsibility next knowledge interesting compare.,2025-01-26
124,56,3,Same effort election campaign else.,2025-03-12
96,101,5,Box mind participant image girl.,2024-09-07
63,206,5,Because beyond along alone the.,2025-02-26
173,112,1,Understand certain kitchen.,2024-06-20
160,62,3,Last indicate thought remember.,2024-12-11
9,258,4,Yet meet free board theory.,2024-08-31
183,159,3,Cover whom behavior performance.,2024-09-06
181,125,4,Somebody half interview during nothing.,2025-02-02
104,33,2,Scientist project big front fill level.,2025-02-08
50,35,2,Its onto person space professional cause imagine.,2024-05-21
181,297,3,Provide run close civil.,2025-01-05
152,272,1,Could however suggest somebody.,2025-02-05
2,275,3,Piece personal action couple level.,2024-06-15
24,156,4,Short recently offer.,2024-11-16
1,236,3,Spring house evening street research even.,2024-08-21
73,258,4,Money change even analysis for financial break.,2025-01-17
200,47,4,College school maintain thank.,2024-09-16
54,256,3,Attack audience individual positive hope Congress.,2024-12-25
26,286,1,Early moment discussion often per benefit end truth.,2025-01-08
44,70,5,Husband place social brother series fund.,2024-08-08
194,177,3,Blue Mrs man over article.,2024-12-16
102,4,2,Bring science fast learn watch natural five practice.,2024-08-02
43,13,1,Debate peace whom finally.,2024-06-22
195,214,4,Kitchen like generation.,2024-12-22
177,252,1,Moment who help finally result hope manage have.,2024-10-13
100,15,4,Three alone site phone turn.,2024-07-11
198,133,5,Number dog bar current fill walk specific.,2024-12-31
56,37,4,Clearly agreement commercial energy past.,2024-05-31
178,228,5,Return you tough.,2024-06-17
133,34,1,Knowledge his process she individual need.,2024-05-20
91,63,3,Her something fund process.,2025-02-18
136,149,2,Message outside pick exist create left radio.,2024-11-20
171,234,3,Address go no full democratic dinner if.,2025-03-23
21,19,1,Join executive produce lose statement.,2025-04-01
41,188,5,Third feel various research discuss figure.,2025-01-20
147,6,2,Challenge rather administration.,2024-11-18
199,147,3,Both window decide serious specific.,2024-09-03
30,47,1,Mr wife then dark actually him me gas.,2024-09-25
66,156,4,Kid campaign must rock ability else.,2024-12-14
95,143,5,Fight find stage religious believe dark.,2024-12-09
111,292,2,Option rich on school.,2024-12-24
99,111,4,Change now debate.,2024-11-22
63,261,4,Energy population figure not design.,2024-09-23
60,145,4,Interest body some adult perform.,2024-07-15
142,211,5,Similar individual above fund.,2025-03-04
7,61,2,Leave subject imagine if eye level.,2024-10-16
167,129,1,Lot will card its city decide challenge.,2025-04-11
16,112,4,Easy later member my wrong while.,2024-07-14
103,291,5,Religious field put little put.,2024-12-19
53,106,1,Top such series people establish available stock audience.,2024-08-25
36,124,1,Hear owner president open run.,2025-03-05
113,199,3,Magazine success suffer leave artist she.,2024-06-16
27,51,4,Employee group what miss moment.,2025-03-07
141,208,1,Natural tough grow.,2024-06-21
76,277,3,Especially range choice perhaps authority performance drop.,2024-05-21
73,281,3,Bring movement he voice have wind doctor.,2024-12-07
88,23,4,Amount approach wear yeah.,2025-02-10
103,266,1,Stop rock history movement.,2024-08-18
144,283,2,Factor stand nearly unit fact structure.,2024-06-15
89,39,5,Property hope partner.,2024-06-09
130,163,5,War upon money child culture authority building beautiful.,2024-11-16
88,61,2,Any energy theory wear first.,2025-02-10
115,67,4,Involve a at side important.,2024-05-17
79,120,4,Scientist enough month vote almost general.,2024-12-16
98,192,4,Work action their compare still.,2024-09-20
96,115,2,Above look military meet remain.,2025-02-15
177,88,5,Home health out cut do position.,2025-01-14
178,220,2,Rate reach far unit middle.,2024-09-15
34,117,1,Group among coach drug college wear.,2024-07-22
58,110,4,Season hit really.,2025-01-25
66,211,4,Prevent tend bit benefit really.,2024-07-05
183,250,3,Those back meet growth.,2024-04-23
156,208,3,Deal soon top activity baby reason.,2024-06-06
10,93,1,Begin fire owner there conference.,2024-10-10
156,205,1,Million table anyone audience sell agree.,2024-12-02
73,254,3,Product forward design increase assume president candidate.,2024-06-12
94,73,3,Week per hospital future throughout.,2025-04-23
73,292,5,Green meet treatment six of employee.,2024-08-01
24,84,3,Maybe central cold cultural.,2024-11-22
48,254,3,Particular serve century member dog health behind.,2025-04-14
73,137,2,Road east stop thank or professor camera.,2024-05-15
179,248,1,Meet change pay clearly.,2024-09-11
66,149,1,Son table Democrat impact tax describe.,2025-04-13
44,114,2,Foreign year house business none public.,2024-06-13
195,97,2,Brother child commercial hard man kind candidate.,2025-04-21
139,236,5,Science sport price but.,2024-06-05
49,29,3,Candidate live environmental sing into.,2025-01-03
100,123,4,Organization do purpose mind.,2024-12-23
180,24,1,South against agreement arrive leg.,2024-11-05
152,278,1,Ready gas anything if understand.,2024-10-04
142,42,2,Price leader artist provide on economic.,2025-04-10
27,152,2,Analysis college suffer message Republican impact.,2024-07-21
50,85,4,Information matter side develop bar fish probably.,2024-07-02
154,273,2,Something lot car baby.,2024-12-08
39,285,2,South surface relate authority garden drop.,2025-01-03
116,92,3,Management very baby avoid wall activity.,2025-03-25
78,63,3,Voice finish couple state seek hold.,2024-12-03
73,205,5,Government series not type.,2024-05-07
75,213,4,Movement piece television them item clear.,2024-09-11
138,247,5,Customer daughter truth former police.,2024-05-13
103,175,5,Until tree wear brother ahead left.,2024-07-04
22,237,1,Property possible those training others represent.,2024-12-18
77,4,1,Executive administration yet level.,2025-02-17
97,160,1,First house table.,2025-04-18
133,298,5,But war nation prove investment standard.,2025-03-24
102,39,1,Onto garden debate side continue.,2024-08-10
16,210,1,One box bring feeling stop.,2024-06-27
