user_id,name,email,signup_date
1,Austin Gutierrez,markanderson@carrillo-flores.com,2024-04-24
2,Timothy Wheeler,karina80@reynolds-meyer.com,2024-12-22
3,Ashley Daniel,nriley@martinez.com,2024-06-16
4,Erik Hendricks,theodorerandolph@robinson.com,2023-08-02
5,Tyler Welch,hopkinsmartin@hotmail.com,2023-11-14
6,Lee Travis,sarahcharles@jacobs.info,2023-12-30
7,Tamara Smith,fergusonjerome@hotmail.com,2024-10-14
8,Laura Lewis,jasonjensen@gmail.com,2024-06-13
9,Jamie Ward,jacobmartinez@gmail.com,2024-05-11
10,Casey Proctor,hmorse@yahoo.com,2023-10-28
11,Denise Murray,elliottkyle@barnes.com,2024-09-01
12,Joseph Willis,ehughes@king-horn.com,2023-11-23
13,Mrs. Sarah Rodriguez,bettyadams@reid.com,2023-05-01
14,Matthew Copeland,bcook@parker.com,2024-08-20
15,Beverly Williams,rpollard@conley.com,2025-03-21
16,Alyssa Stone,erik00@dominguez.com,2024-05-15
17,Kayla Ball,michael60@miller.net,2024-04-22
18,Anne Chavez,brandismith@yahoo.com,2024-03-24
19,Jesse Stephens,jerrynelson@parks.com,2024-09-24
20,Aaron Jacobson,plewis@edwards-bradford.com,2024-04-19
21,Charles Williams,wrightluis@mullins.com,2023-05-05
22,Megan Spencer,blevinsmary@smith-griffin.info,2025-02-19
23,Dustin Chavez,milleraustin@baker.com,2025-04-20
24,Travis Sullivan,fsmith@hotmail.com,2024-11-14
25,Kevin Watkins,jhernandez@gmail.com,2023-12-04
26,Tracy Williams,lmoody@yahoo.com,2024-11-06
27,Michael Richardson,qsmith@yahoo.com,2024-12-30
28,Gary Hernandez,pennyboyd@mcdonald-carter.com,2023-09-22
29,James Meadows,ohammond@hotmail.com,2023-05-09
30,Carrie Elliott,mfriedman@smith.com,2024-07-20
31,Heather Young,tlane@beck.com,2025-03-17
32,Tim Richards,kenneth52@marsh.biz,2024-11-25
33,Samantha Young,olarsen@fisher.com,2024-12-30
34,Devon Porter,jonesstephen@gmail.com,2024-03-15
35,Rhonda Edwards,tammystewart@hotmail.com,2023-08-25
36,James Peters,zgiles@gmail.com,2024-03-13
37,Rebecca Jones,kimberly70@perez.net,2023-07-31
38,Jose Gray,iwall@lopez.org,2024-04-27
39,Jennifer Green,ryoung@ruiz-anderson.com,2023-12-25
40,Erin Reynolds,andrewharrington@underwood.com,2025-01-19
41,Matthew Reilly,adamschristopher@mercado-doyle.com,2024-11-02
42,Kyle Gutierrez,dixonjodi@stanley.org,2024-02-12
43,Katherine Garcia,kenneth85@huffman.com,2025-03-06
44,Autumn Stevenson,ejames@yahoo.com,2023-09-12
45,Stephanie Robbins,christina22@gmail.com,2024-01-24
46,Mr. Matthew Morse,dgraham@gmail.com,2024-02-05
47,Andrew Montoya,scottpeters@elliott.com,2024-11-16
48,Bianca Riley,adavis@hotmail.com,2024-04-30
49,Robert Rios,xwaters@king-may.com,2025-03-29
50,Scott Berger,jferrell@hotmail.com,2025-03-08
51,Isaac Hall,elliottjulia@bruce-knox.com,2024-12-24
52,Stacey Curtis,juanterry@bradshaw-castillo.org,2023-07-18
53,Troy Miller,ruthblackwell@hotmail.com,2023-06-14
54,Lori Hamilton,phawkins@hotmail.com,2025-03-07
55,Melissa Watson,richardjohnson@harris.com,2025-03-14
56,Mark Barnett,lynn73@cordova.org,2023-07-04
57,Elizabeth Mckay,hduke@cooke-villanueva.com,2024-02-24
58,Martin Wallace,kimmoody@obrien.net,2023-12-30
59,Amy Jones,jobrien@yahoo.com,2023-11-10
60,Jonathon Brown,jessicarodriguez@craig-grant.com,2025-02-10
61,William Rose,laurieharrison@gmail.com,2025-03-14
62,David Reese,michael80@gmail.com,2024-07-12
63,William Rogers,dawn05@yahoo.com,2024-10-14
64,Erik Hansen,oramirez@fletcher-garcia.com,2024-03-09
65,Craig Johnson,wcarter@gmail.com,2024-12-17
66,Jerry Brewer,laurajenkins@gmail.com,2023-06-26
67,Jacob Long,smithseth@may.info,2024-02-02
68,Jade Carlson,cantujenna@barnes-estrada.com,2024-01-04
69,Holly Solomon,sanchezjose@yahoo.com,2023-10-02
70,Michelle Barber,lehunter@hotmail.com,2023-06-27
71,Joseph Andrews,kathleenedwards@thompson.biz,2024-04-25
72,Joseph Kennedy,patelnichole@yahoo.com,2024-02-19
73,Nicholas Freeman,johndavis@gmail.com,2023-05-03
74,Robert Williams,chelseagreene@reed-johnson.net,2024-06-21
75,Richard Nelson,alisonwilliams@reese.biz,2023-07-09
76,Catherine Yang MD,jorgejones@hotmail.com,2023-09-03
77,Danielle Jimenez,gibsontodd@yahoo.com,2024-08-08
78,Sandra Carter,tholmes@wilson-sparks.com,2025-02-24
79,Emily Bush,beverly73@meyer-cox.info,2024-07-28
80,Samantha Mullins,thenson@yahoo.com,2024-01-24
81,James Jackson,jefferygarcia@osborne.info,2024-12-11
82,William Ross,amandaortiz@hotmail.com,2023-05-23
83,Shane Villarreal,randallbrian@gmail.com,2023-12-13
84,Michael Fields,karen85@cooper-kelley.com,2024-06-17
85,Richard Wyatt,patrick31@yahoo.com,2024-01-05
86,Ashley Barrett,jacqueline97@barrera-french.com,2024-11-11
87,Spencer Richard,spencerderek@todd.net,2025-01-22
88,Lance Higgins,qruiz@stafford.com,2025-03-26
89,Kevin Smith Jr.,darren52@hotmail.com,2024-12-06
90,Alan Rodgers,joseph72@sanford.com,2024-04-09
91,David Sanford,karen83@lin-snyder.org,2023-07-05
92,Jennifer Molina,cruzdoris@cooke.com,2023-12-31
93,Timothy Alvarez,anthony75@hotmail.com,2023-09-17
94,Megan Holland,jasonjohnson@gmail.com,2025-01-06
95,Jerry Carlson,jesse01@flores-pruitt.com,2024-05-02
96,Rodney Smith,stanley32@yahoo.com,2024-10-29
97,Carlos Chavez,joseph91@hotmail.com,2025-02-22
98,Susan Harris,alan24@hotmail.com,2024-01-29
99,Sarah Jennings,mistylivingston@lane.com,2023-06-28
100,Marissa Francis,turnerdaniel@reynolds.net,2023-10-12
101,Benjamin Allen,hwebb@pearson.org,2024-03-12
102,Stacy Lopez,amygonzales@mosley-brown.info,2024-07-16
103,Cassandra Walker,ashleycisneros@martinez.com,2023-11-04
104,Richard Quinn,sarah71@thompson.com,2025-04-21
105,Andrea Jackson,martin58@franklin.com,2024-05-30
106,Eric Harris,tracy64@reeves-richardson.com,2024-06-27
107,Bobby Taylor,ssharp@hotmail.com,2024-10-15
108,Adam King,grahamashley@warren.com,2024-04-13
109,Sara Dawson,wintersjennifer@hotmail.com,2023-11-07
110,Michael Thomas,harrisondonald@garrett.com,2023-11-19
111,Jody Welch,josborn@yahoo.com,2024-07-12
112,Philip Duarte,catherinemeyers@armstrong-ross.com,2023-07-16
113,Melinda Gordon,danielle87@hotmail.com,2024-01-06
114,Jessica Mitchell,jondavis@riley.org,2024-11-12
115,Mercedes Anderson,zmichael@graves-gallegos.com,2023-09-21
116,April Wallace,jocelyn26@wells.com,2025-02-13
117,Kristine Giles,victoriamurphy@hotmail.com,2024-12-03
118,Gerald Mercado,shannon23@gonzales.info,2023-10-11
119,Manuel Morales,morgan68@yahoo.com,2024-09-03
120,Ronald Chambers,sheryljenkins@carter.com,2025-02-02
121,Tiffany Flores,smithtodd@harris.org,2024-01-22
122,Lisa Montgomery,tlewis@white-weber.com,2024-07-30
123,Roy Griffin,egamble@preston.biz,2024-07-24
124,Jennifer Nguyen,walshkelsey@winters-abbott.info,2023-09-20
125,Kelly Schneider,caroline62@harper-jimenez.com,2023-07-23
126,Valerie Berg,matthewsmith@hotmail.com,2024-09-25
127,Matthew Lynch,amandajohnson@gmail.com,2024-12-01
128,Heather Carpenter,npatel@hotmail.com,2023-06-26
129,Nancy Coleman,brittanywilliams@gmail.com,2024-01-14
130,Peggy Klein,cheryl74@beck.com,2023-10-18
131,Kelly Jackson,leonardmary@garcia.com,2023-06-25
132,Taylor Sawyer,simpsonrobert@graves-contreras.com,2024-12-22
133,Mr. James White,adkinscarlos@smith.com,2025-04-12
134,Lori Payne,johncampbell@gmail.com,2023-12-26
135,Carla Simpson,urobinson@foster.org,2024-12-06
136,Sharon Campbell,taylor13@brown.com,2025-01-15
137,Lisa Smith,butlergary@yahoo.com,2024-12-09
138,Alexis Cox,pestrada@gmail.com,2023-11-01
139,Sara Lane,jyoung@hotmail.com,2023-10-20
140,Vanessa Jensen,jasonwhite@nash.com,2023-07-10
141,Stephanie Johnson,rachaelaguirre@gutierrez.com,2023-10-27
142,Jonathan Nichols,murphyjesse@moore.com,2023-04-28
143,Nathan Duke,utaylor@yahoo.com,2023-06-11
144,Antonio Smith,danielolsen@little.net,2023-08-24
145,Edward Chambers,brian76@torres.net,2023-09-03
146,Heather Grant,wmclaughlin@howard.com,2023-06-05
147,Angela Shannon,qwilliams@roy.biz,2024-05-21
148,Brian Fuller,hughesdanielle@alexander-scott.biz,2024-01-14
149,Christina Singh,jesseduncan@richmond-adams.biz,2024-05-08
150,Benjamin Scott,ashley17@smith.com,2024-01-13
151,William Smith,bonniegood@yahoo.com,2024-03-17
152,Kathryn Mcintosh,richard57@wiggins.org,2024-06-28
153,Sean Baird,amanda76@vasquez.com,2025-04-18
154,Patrick Lambert,ariley@simon.com,2024-05-08
155,Matthew Liu,prattjonathon@villanueva.com,2024-06-29
156,Jeffrey Hanson,thomasdiane@shepherd.info,2023-09-18
157,Michael Garcia,curtis85@gmail.com,2024-10-09
158,David West,timothy88@gmail.com,2023-04-24
159,Lori Archer,zyoung@joyce.com,2024-01-27
160,Tara Hickman,evanliu@gmail.com,2023-11-21
161,Michael Ortega,cindy13@herrera.org,2023-10-05
162,Thomas Garcia,swilson@anthony.biz,2024-11-03
163,Kenneth Anderson,canderson@gmail.com,2024-05-15
164,Destiny Jones,mmartin@scott.com,2025-01-26
165,Melissa Bailey,fhart@gmail.com,2024-04-04
166,Joseph Wright,finleychristine@morton.com,2024-01-14
167,Kyle Thompson,patelthomas@yahoo.com,2024-06-05
168,Alyssa Randolph,murphykayla@davis.biz,2025-03-03
169,Nicholas Mcdowell,iflores@rogers.com,2024-10-22
170,Jessica Sharp,xacevedo@yahoo.com,2023-12-28
171,Scott Holland,gevans@hotmail.com,2024-02-14
172,Derek Bartlett,gibsonmichael@franco.org,2024-12-18
173,Amy Jones,mmiller@johnson.com,2023-06-05
174,Christopher Thomas,asanchez@blanchard-spencer.com,2024-12-21
175,Laura Price,gdrake@yahoo.com,2025-04-01
176,Terry Martin,roberttran@yahoo.com,2023-11-21
177,Michael Holt,jefferysmith@hotmail.com,2024-10-26
178,Tracy Arnold,jessicawalter@woods-russo.info,2024-12-10
179,Mary Collins,kbolton@hotmail.com,2023-12-12
180,Michael Dean,acolon@lambert-williams.com,2023-07-13
181,Margaret Morales,etaylor@colon.com,2023-09-10
182,Derek Terrell,douglasamanda@evans.com,2023-07-31
183,John Clarke,xhunt@downs.biz,2024-10-07
184,Donna Grimes,proctorjacqueline@kim.com,2024-04-05
185,Mr. Jeffrey Ortiz,joe06@gmail.com,2025-04-06
186,Heather Williams,irose@yahoo.com,2023-08-06
187,Tara Zuniga,taylor98@hotmail.com,2023-07-16
188,Sharon Henry,janetfields@hotmail.com,2024-07-20
189,Amanda Jones,asolomon@martinez.com,2024-12-24
190,Lauren Martin,jennifer30@gmail.com,2024-12-17
191,Abigail Mills,john55@gmail.com,2023-07-24
192,Diane Garner,wrighttheodore@robinson-watkins.org,2024-03-19
193,Shawn Jenkins,aaron65@harris.com,2023-05-04
194,Carrie Molina,molly12@hotmail.com,2024-01-29
195,Dustin Briggs MD,christopher40@jenkins.biz,2024-11-29
196,Luke Brennan,christinahunt@yahoo.com,2024-04-21
197,Mr. John Schmidt,emilyjackson@saunders.info,2023-07-09
198,Michael Martin,gregory91@smith-mason.net,2023-06-16
199,Stephen Simpson,andrewgibson@yahoo.com,2024-10-29
200,Dawn Morales,william78@gmail.com,2024-09-15
